raw_signal,customer_size
"We've been doing the export manually every Monday for 5 clients. Sarah spends 3 hours on it. We copy the data into Excel, reformat it, and send it out. I asked your support team if there was an automated way and they said there isn't. That's going to be a dealbreaker for us when we renew in Q1.",XL
"Hey quick question — is there a way to export the dashboard to CSV? We need this for our weekly reporting to the board. Right now we're screenshotting everything and it looks terrible in the slide deck. Happy to pay for it if it's a premium feature.",M
"I was on a sales call with them last week. The PM said they'd been tracking everything manually in Notion for 6 months and were about to switch to a competitor that had a native export. I told her we're working on it but couldn't give a date. She said she'd wait until end of quarter.",L
"Honestly the product is great but the moment you need to get data out of it you're stuck. I tried everything. Copy-paste breaks the formatting, the API docs are half-finished, and there's no CSV button anywhere. I gave up and used a different tool for that part of the workflow.",S
"The dashboard is completely unusable when we have more than 500 records. It just spins. We have a client with 1,200 rows and I can't show them anything. I've had to export manually, delete half the data, and reload. It's embarrassing in demos.",XL
"Loading times are the number one complaint from our enterprise clients. Three of them have flagged it in QBRs. One said if it's not fixed by the end of the year they're moving to a competitor. We're talking about $180K ARR at risk.",L
"Every time I come back after a week the sort order has reset. I always sort by priority descending and it never sticks. Tiny thing but I have to reset it every single session. Has been like this for at least four months.",M
"We lost the Nordmann deal last month. They went with a competitor specifically because of the mobile experience. Their procurement team does most of their reviews on iPad and your interface just doesn't work on tablet. That was a $40K contract.",XL
"Searched for 'ACME' and got zero results even though I know we have three ACME signals in the system. The search is broken or the indexing is off. I ended up scrolling manually for 20 minutes.",S
